{"forward": 63310.33706665039, "backward": 1304543.3349609375, "step": 21979.520797729492, "latency": 1389833.1928253174, "FLOPS_per_gpu": 3233696.4299894013, "throughput": 0.057560864435373206, "rank": 0}